stopId,stopNumber,stopName
143,2570,"Birmensdorf ZH, Sternen/WSL"
309,3356,"Waldegg, Birmensdorferstrasse"
373,6232,"Zürich Flughafen, Fracht"
588,3027,"Zürich Flughafen, Bahnhof"
623,2989,"Thalwil, Zentrum"
701,1012,"Zürich, Goldbrunnenplatz"
729,687,"Uitikon, Dorf"
751,2758,"Glattbrugg, Unterriet"
809,501,"Birmensdorf ZH, Bahnhof"
832,1401,"Kilchberg ZH, Kirche"
833,3254,"Kilchberg ZH, Hallenbad"
891,1991,"Waldegg, Post"
1010,2160,"Zürich, Schaufelbergerstrasse"
1067,992,"Glattbrugg, Zentrum"
1114,1627,"Dübendorf, Meiershofstrasse"
1259,1391,"Kilchberg ZH, Bahnhof"
1270,2680,"Zürich, Triemli"
1305,1472,"Zürich, Kunsthaus"
1306,478,"Zürich, Bezirksgebäude"
1308,736,"Zürich, ETH/Universitätsspital"
1309,564,"Zürich, Bucheggplatz"
1310,821,"Zürich, Farbhof"
1311,2572,"Zürich, Sternen Oerlikon"
1312,657,"Dietikon, Bahnhof"
1362,1303,"Zürich, Im Ebnet"
1366,2983,Zentrum Glatt
1370,2986,"Regensdorf, Zentrum"
1372,1228,"Dübendorf, Hoffnung"
1377,6506,"Kloten Balsberg, Bahnhof"
1378,6507,"Rümlang, Bäuler"
1379,6508,"Glattbrugg, Lindberghplatz"
1392,3241,"Wallisellen, Florastrasse"
1393,2329,"Zürich, Schürgistrasse"
1398,3246,"Glattbrugg, Giebeleichstrasse"
1405,2277,"Kilchberg ZH,Schulhaus Dorfstr"
1406,1278,"Zürich, Hölderlinstrasse"
1407,1457,"Kilchberg ZH, Kreuzstrasse"
1417,1542,"Rümlang, Letten"
1437,632,"Volketswil, Volkiland Chliriet"
1443,1552,"Zürich, Leutschenbach"
1452,994,"Glattbrugg, Bahnhof"
1454,1156,"Zürich, Heizenholz"
1456,6346,"Dübendorf, Sonnental"
1475,2422,"Dübendorf, Breitibach"
1499,1710,"Zürich, Neubühl"
1500,2547,"Zürich, Bahnhof Leimbach"
1501,2294,"Zürich, Schwamendingerplatz"
1502,2556,"Zürich, Stauffacher"
1503,1389,"Zürich, Kienastenwies"
1504,1643,"Zürich, Milchbuck"
1509,1577,"Kilchberg ZH, Lindt & Sprüngli"
1510,6594,"Adliswil, Ahornweg"
1511,1660,"Zürich, Morgental"
1517,2751,"Unterengstringen, Sennenbüel N"
1518,2580,"Kilchberg ZH, Stockengut"
1520,831,"Urdorf, Feldegg"
1521,589,"Kilchberg ZH, Bächlerstrasse"
1522,2767,"Urdorf Weihermatt, Bahnhof"
1523,1595,"Zürich, Lägernstrasse"
1524,3775,"Kilchberg ZH, Bendlikon"
1525,2017,"Zürich, Radiostudio"
1526,1018,"Kilchberg ZH, Gottlieb-Binder"
1527,948,"Weiningen ZH, Gemeindehaus"
1528,1861,"Zürich, Paradeplatz"
1530,3796,"Kilchberg ZH, Mythenstrasse"
1531,2124,"Zürich, Römerhof"
1532,1215,"Zürich, Hirschwiesenstrasse"
1533,2304,"Kilchberg ZH, Schwelle"
1534,6238,"Zürich, Werd"
1535,48,"Zürich, Albisriederplatz"
1536,1227,"Adliswil, Hofackerstrasse"
1537,2237,"Schlieren, Zentrum"
1538,2239,"Kilchberg ZH, Schlimbergstr."
1539,2158,"Zürich, Schaffhauserplatz"
1540,6347,"Schlieren, Bahnhof"
1541,412,"Zürich, Bahnhofplatz/HB"
1542,413,"Zürich, Bahnhofquai/HB"
1543,1334,"Zürich, Universität Irchel"
1552,6447,"Rüschlikon, Loorain"
1553,6448,"Rüschlikon, Eggrain"
1557,3042,"Zürich, Bahnhof Wiedikon"
1565,440,"Zürich, Bellevue"
1571,872,"Zürich, Frankental"
1574,799,"Zürich, Escher-Wyss-Platz"
1580,88,"Zürich, Altried (Zone 10)"
1581,1176,"Wallisellen, Herti"
1596,2346,"Zürich, Seebach"
1598,1259,"Zürich, Hungerbergstrasse"
1628,99,"Thalwil, Archstrasse"
1638,28,"Adliswil, Bahnhof"
1677,128,"Zürich, Ausserdorfstrasse"
1679,2307,"Schwerzenbach ZH, Bahnhof"
1686,641,"Regensdorf, Chrüzächer"
1687,2820,"Wallisellen, Bahnhof"
1692,3740,"Volketswil, Hofwisen"
1694,909,"Glattbrugg, Frohbühlstrasse"
1706,1572,"Dübendorf, Lindenplatz"
1723,2024,"Urdorf, Rainweg"
1724,1868,"Dietikon, Pestalozzi"
1729,3378,"Thalwil, Post"
1736,6485,Garage Adliswil
1741,1648,"Zürich, Mittelleimbach"
1748,1657,"Rüschlikon, Moosstrasse"
1773,2682,"Zürich, Triemlispital"
1784,6682,"Rümlang, Hörnlistrasse"
1790,1925,"Glattbrugg, Post"
1797,497,"Zürich, Birch-/Glatttalstrasse"
1809,1763,"Rümlang, Oberdorf"
1816,972,"Zürich, Gessnerallee"
1829,3034,"Zürich, Bahnhof Oerlikon"
1843,3122,"Zürich, Riedhofstrasse"
1845,2968,"Zürich, Zehntenhausplatz"
1846,114,"Zürich, Aubrücke"
1850,1799,"Rümlang, Gemeindehaus"
1851,6463,"Zürich, Sihlcity"
1852,199,"Zürich, Bahnhof Enge/Bederstr."
1854,2550,"Zürich, Saalsporthalle"
1869,1462,"Adliswil, Krone"
1873,845,"Zürich, Felsenrainstrasse"
1874,3021,"Zürich, Bahnhof Affoltern"
1879,3146,"Dübendorf, Bahnhof Nord"
1884,3154,"Zürich, Messe/Hallenstadion"
1885,6255,"Zürich, Bahnhof Oerlikon Nord"
1890,411,"Zürich, Neumühlequai"
1893,3026,"Zürich, Bahnhof Enge"
1895,416,"Zürich, Bahnhofstrasse/HB"
1904,2264,"Kilchberg ZH, Schoorenstrasse"
1905,1430,"Zürich, Klusplatz"
1906,1357,"Zürich, Kalkbreite"
1907,1612,"Zürich, Manegg"
1908,1187,"Zürich, Heuried"
1909,1440,"Kilchberg ZH, Spital"
1911,75,"Kilchberg ZH, Altersheim"
1916,3446,"Zürich, Ettenfeld"
1919,3447,"Zürich, Bahnhof Oerlikon Ost"
1920,439,"Wallisellen, Belair"
1928,6460,"Zürich, Fernsehstudio"
1931,6461,Glattpark
1934,1275,"Zürich, Seebacherplatz"
1938,619,"Zürich, Central"
1959,3344,"Dietikon, Stadthaus"
2007,1694,"Schlieren, Nassacker"
2008,863,"Dübendorf, Flugplatz"
2009,2789,"Bergdietikon, Vorbühl"
2010,1028,"Geroldswil, Grindlen"
2011,6044,"Zollikon, Garage G.-Maurer-Str"
2013,6300,"Spreitenbach, Breiti"
2014,6301,"Spreitenbach, Furttalstrasse"
2015,6303,"Spreitenbach, Interio"
2016,29,"Unterengstringen, Aegelsee"
2018,3798,"Dietikon, Vorstadt"
2019,2798,"Schlieren, Wagonsfabrik"
2020,1964,"Oetwil an der Limmat, Post"
2021,1039,"Dietikon, Grünau"
2022,2128,"Zürich, Röslistrasse"
2023,6055,"Zürich, Depot 2 Wollishofen"
2025,3044,"Zürich, Bhf Wollishofen (Tram)"
2027,2975,"Dübendorf, Zelglistrasse"
2028,125,"Weiningen ZH, Ausserdorf"
2029,2303,"Geroldswil, Schweizäcker"
2033,2051,"Schlieren, Reitmen"
2034,2982,"Geroldswil, Zentrum"
2035,2054,"Zürich, Rennweg"
2036,2984,"Oberengstringen, Zentrum"
2038,2313,"Dietikon, Schäflibach"
2039,1226,"Dietikon, Hofacker"
2040,1054,"Dübendorf, Grüzenstrasse"
2042,2406,"Dietikon, Sommerau"
2043,2236,"Schlieren, Zentrum/Bahnhof"
2044,2238,"Urdorf, Schlierenstrasse"
2045,1061,"Zürich, Guggachstrasse"
2046,2326,"Zürich, Schörlistrasse"
2047,2411,"Zürich, Sonneggstrasse"
2048,990,"Dietikon, Gjuchstrasse"
2050,1151,"Schlieren, Heimeliweg"
2052,998,"Zürich, Glattwiesen"
2053,1414,"Dübendorf, Kirche Wil"
2054,1417,"Dietikon, Kirchplatz"
2055,6261,"Dietikon, Stadthalle Ost"
2056,6262,"Dietikon, Silbern"
2057,414,"Dietikon, Bahnhofstrasse"
2059,502,"Dietikon, Birmensdorferstrasse"
2060,2256,"Zürich, Schmiede Wiedikon"
2061,2085,"Bergdietikon, Rietwies"
2063,425,"Bergdietikon, Baltenschwil"
2078,6659,"Wallisellen, Neugut"
2079,6660,"Dübendorf, Giessen"
2081,6032,"Zürich, Depot 7 Irchel"
2082,3785,"Dübendorf, Ringwiesen"
2083,132,"Zürich, Auzelg"
2084,1453,"Zürich, Kreuzplatz"
2085,1522,"Zürich, Laubiweg"
2086,435,"Zürich, Beckenhof"
2087,1468,"Zürich, Kronenstrasse"
2088,2474,"Zürich, Stampfenbachplatz"
2089,2045,"Zürich, Regensbergbrücke"
2090,144,"Zürich, Bad Allenmoos"
2092,2549,"Zürich, Rehalp"
2094,2807,"Waldburg, Station"
2096,2826,"Zumikon, Waltikon"
2103,3002,"Zollikerberg, Station"
2104,1845,"Zürich, Opernhaus"
2110,2879,"Zürich, Wetlistrasse"
2111,3039,"Zürich, Bahnhof Stadelhofen"
2113,1144,"Zürich, Hegibachplatz"
2114,6254,"Zollikerb., Langägerten/Spital"
2120,2166,"Scheuren, Station"
2121,421,"Zürich, Balgrist"
2137,2612,"Zürich, Sunnau"
2139,649,"Zürich, Dangelstrasse"
2141,2660,"Adliswil, Tiefacker"
2142,6592,"Adliswil, Moos"
2143,6593,"Adliswil, Eichenweg"
2144,6034,"Zürich, Garage 6 Hardau"
2145,2950,"Zürich, Wollishofen"
2146,2889,"Zürich, Widmerstrasse"
2158,148,"Adliswil, Badstrasse"
2160,6437,"Adliswil, Grüt"
2183,2771,"Zürich, Sihlcity Nord"
2187,6735,"Wallisellen, Glatt"
2198,944,"Zürich, Geeringstrasse"
2228,601,"Zürich, Börsenstrasse"
2244,1364,"Zürich, Kappeli"
2245,1548,"Zürich, Letzigrund"
2247,1386,"Zürich, Kernstrasse"
2248,1579,"Zürich, Lochergut"
2250,3019,"Zürich, Zypressenstrasse"
2251,6030,"Zürich, Depot 4 Elisabethenstr"
2253,883,"Zürich, Freihofstrasse"
2254,6425,"Zürich, Zentralwerkstätte"
2256,1608,"Zürich, Löwenplatz"
2257,6459,"Zürich, Oerlikerhus"
2258,1098,"Zürich, Haldenbach"
2260,2367,"Zürich, Seilbahn Rigiblick"
2262,1366,"Zürich, Sihlpost"
2274,1550,"Zürich, Letzistrasse"
2275,2388,"Zürich, Signaustrasse"
2276,465,"Zürich, Berninaplatz"
2287,1557,"Zürich, Limmatplatz"
2289,2395,"Zürich, Sihlquai/HB"
2290,648,"Zürich, Dammweg"
2292,1399,"Zürich, Kinkelstrasse"
2293,2924,"Zürich, Winkelriedstrasse"
2294,1667,"Zürich, Museum für Gestaltung"
2295,580,"Zürich, Burgwies"
2298,2014,"Zürich, Quellenstrasse"
2299,6031,"Zürich, Depot 5 Hard"
2300,6033,"Zürich, Depot 8 Oerlikon"
2301,6035,"Zürich, Garage 9 Hagenholz"
2302,1100,"Zürich, Haldenegg"
2308,1138,"Zürich, Hedwigsteig"
2312,894,"Zürich, Friedhof Enzenbühl"
2313,2151,"Zürich, Salersteig"
2315,1507,"Zürich, Langmauerstrasse"
2316,2575,"Zürich, Bahnhof Stettbach"
2320,705,"Zumikon, Dorfzentrum"
2324,1516,"Oberengstringen, Lanzrain"
2326,81,"Dübendorf, Alterszentrum"
2327,3520,"Spreitenbach, Brüel"
2328,2436,"Schlieren, Spital Limmattal"
2329,6364,"Wangen, Stierwisen"
2332,1178,"Urdorf, Herweg"
2333,2268,"Weiningen ZH, Schulhaus"
2334,3183,"Weiningen ZH, Aegelsee"
2336,1265,"Dietikon, Hätschen"
2337,1266,"Wangen, Hätzelwisen"
2338,1091,"Dietikon, Hagackerstrasse"
2339,1094,"Oetwil an der Limmat, Halde"
2341,2440,"Urdorf, Spitzacker"
2346,1616,"Dietikon, Marmori-Weiher"
2350,6462,"Spreitenbach, Ikea"
2351,6297,"Urdorf, Heinrich-Stutz-Strasse"
2352,6724,"Unterengstringen, Langwisen"
2354,701,"Geroldswil, Dorfstrasse"
2356,1620,"Zürich, Mattenhof"
2358,1451,"Dübendorf, Kreuzbühl"
2360,3460,"Spreitenbach, Asp"
2361,1540,"Dietikon, Lerzen"
2362,2631,"Schlieren, Talacker-Windegg"
2363,457,"Bergdietikon, Bergli"
2366,3727,"Glanzenberg, Bahnhof"
2367,547,"Zürich, Brunaustrasse"
2368,548,"Fahrweid, Brunaustrasse"
2369,3472,"Dietikon, Schönenwerd"
2370,2384,"Spreitenbach, Shopping Center"
2373,1725,"Urdorf, Neumatt"
2374,1726,"Urdorf, Neumattstrasse"
2375,2814,"Zürich, Waldgarten"
2376,466,"Bergdietikon, Bernold"
2377,6744,"Birmensdorf ZH, Ristet"
2378,1556,"Fahrweid, Limmatbrücke"
2379,2471,"Dietikon, Staffelackerstrasse"
2380,550,"Schlieren, Brunngasse"
2381,725,"Dietikon, Dörfli"
2382,1388,"Schlieren, Kesslerstrasse"
2383,1640,"Zürich, Micafil"
2385,729,"Bergdietikon, Dünni"
2386,2732,"Urdorf, Uitikonerstrasse"
2387,3822,"Killwangen, Bahnhof"
2388,6663,"Spreitenbach, Altersheim"
2389,815,"Fahrweid, Au"
2391,1731,"Urdorf, Niederurdorf"
2392,2569,"Dietikon, Stelzenacker"
2394,2399,"Dietikon, Moosmatt"
2396,1397,Kindhausen AG
2397,6586,"Spreitenb, Center Spreitenbach"
2398,3748,"Schlieren, Steinacker"
2400,1911,"Dübendorf, Post"
2401,1571,"Weiningen ZH, Lindenplatz"
2404,488,"Zürich, Billoweg"
2406,2666,"Zürich, Tierspital"
2410,743,"Unterengstringen, Eckstein"
2411,748,"Oberengstringen, Eggbühl"
2412,3589,"Urdorf, Oberurdorf"
2413,1666,"Zürich, Museum Rietberg"
2414,2582,"Zürich, Stockerstrasse"
2422,1179,"Zürich, Herzogenmühlestrasse"
2423,6626,"Zürich, Blumenfeldstrasse"
2424,6627,"Zürich, Aspholz"
2425,6628,"Zürich, Mühlacker"
2426,3444,"Zürich, Glockenacker"
2427,1527,"Ebmatingen, Leeacherstrasse"
2428,617,"Zürich, Carl-Spitteler-Strasse"
2429,1705,"Zürich, Neuaffoltern"
2430,445,Benglen
2431,446,"Benglen, Gerlisbrunnen"
2432,2622,"Pfaffhausen, Sängglen"
2433,447,"Ebmatingen, Benkelsteg"
2434,1362,"Zürich, Kapfstrasse"
2435,708,"Zürich, Dreispitz"
2436,3467,"Binz bei Maur, Fridlimatt"
2437,455,"Zürich, Berghaldenstrasse"
2438,713,"Zürich, Drusbergstrasse"
2439,2737,"Zürich, Unteraffoltern"
2440,901,"Zürich, Friedrichstrasse"
2441,908,"Zürich, Frohburg"
2442,1821,"Zürich, Oberwiesenstrasse"
2443,738,Ebmatingen
2444,2836,"Zürich, Waserstrasse"
2445,914,"Zürich, Fronwald"
2446,6591,"Effretikon, Garage Andres"
2447,833,"Pfaffhausen, Feldhof"
2448,490,"Binz bei Maur, Post"
2449,1583,"Ebmatingen, Looren"
2450,1584,"Zürich, Loorenstrasse"
2451,3760,"Zürich, Hallenbad Oerlikon"
2452,750,"Fällanden, Eggler"
2453,3764,"Zürich, Max-Bill-Platz"
2454,1000,"Zürich, Glaubtenstrasse"
2455,678,"Maur, Dorf"
2456,2688,"Zürich, Tulpenstrasse"
2457,767,"Zürich, Einfangstrasse"
2458,684,"Schwerzenbach ZH, Dorf"
2459,947,"Fällanden, Gemeindehaus"
2460,694,"Zürich, Dorflinde"
2461,1871,"Pfaffhausen, Pfaffenstein"
2462,1873,"Pfaffhausen, Müseren"
2463,888,"Zürich, Friedackerstrasse"
2464,1892,"Maur, Platten"
2465,2145,"Zürich, Saatlenstrasse"
2466,899,"Zürich, Friedhof Witikon"
2467,1403,"Maur, Kirche"
2468,2069,"Zürich, Riedgraben"
2469,6511,"Zürich, Bahnhof Affoltern Süd"
2470,1324,"Fällanden, Industrie"
2471,2335,"Fällanden, Schützenhaus"
2472,1160,"Zürich, Herbstweg"
2473,2251,"Zürich, Schlyfi"
2474,2342,"Maur, See"
2475,1498,"Unterengstringen, Langacher"
2476,838,"Schlieren, Feldstrasse"
2478,1758,"Dietikon, Oberdorf"
2480,1759,"Oetwil an der Limmat, Oberdorf"
2481,1586,"Urdorf, Luberzen"
2482,1587,"Zürich, Luchswiesen"
2483,3590,"Urdorf, Sonne"
2484,753,"Dübendorf, Eglishölzli"
2485,1843,"Dietikon, Oetwilerstrasse"
2486,757,"Kindhausen AG, Eichholz"
2487,2005,"Zürich, Post Wollishofen"
2488,586,"Zürich, Butzenstrasse"
2489,2008,"Zürich, Probstei"
2490,6693,"Dietikon, Gyrhalden"
2491,6694,"Dietikon, Weidstrasse"
2492,6695,"Dietikon, Lätten"
2496,6698,"Dietikon, Weinberg"
2497,2850,"Wangen, Weidli"
2498,6780,"Kilchberg ZH, Obere Hornhalde"
2499,6781,"Kilchberg ZH, Emilienheim"
2500,6782,"Kilchberg ZH, Breitloo"
2505,935,"Schlieren, Gasometerbrücke"
2506,3774,"Zürich, Bhf Wollishofen (Bus)"
2508,2689,"Zürich, Tunnelstrasse"
2509,1856,"Zürich, Ottikerstrasse"
2510,2107,"Zürich, Roswiesen"
2511,2109,"Zürich, Rote Fabrik"
2514,6038,"Dietikon, Garage Limmatbus AG"
2516,2869,"Geroldswil, Welbrig"
2518,1862,"Oberengstringen, Paradies"
2520,1690,"Schlieren, Mülligen"
2524,2551,"Zürich, Bahnhof Selnau"
2525,1723,"Fällanden, Neuhus"
2526,1122,"Zürich, Hardplatz"
2527,1234,"Zürich, Bäckeranlage"
2528,1158,"Zürich, Helvetiaplatz"
2529,1076,"Zürich, Güterbahnhof"
2530,92,"Zürich, Am Suteracher"
2531,2276,"Zürich, Schulhaus Buchlern"
2532,716,"Zürich, Dunkelhölzli"
2533,542,"Zürich, Bristenstrasse"
2534,6003,"Zürich, Solidapark"
2535,1570,"Zürich, Lindenplatz"
2536,5001,"Zürich, Bahnhof Altstetten N"
2537,1581,"Zürich, Loogarten"
2538,592,"Zürich, Bändliweg"
2539,852,"Zürich, Feusisbergli"
2540,3022,"Zürich, Bahnhof Altstetten"
2541,1698,"Zürich, Neeserweg"
2542,2033,"Zürich, Rautihalde"
2543,2034,"Zürich, Rautistrasse"
2544,1041,"Zürich, Grünaustrasse"
2545,893,"Zürich, Friedhof Eichbühl"
2546,2152,"Zürich, Salzweg"
2547,427,"Zürich, Baslerstrasse"
2548,1341,"Itschnach, Dorf"
2549,1342,"Itschnach, Fallacher"
2550,1519,"Zürich, Laubegg"
2551,3522,"Zürich, Sukkulentensammlung"
2552,2262,"Kilchberg ZH, Schooren"
2553,1175,"Zürich, Hertensteinstrasse"
2554,515,"Rüschlikon, Bodengasse"
2556,516,"Küsnacht ZH, Boglerenstrasse"
2557,6625,"Rüschlikon, Merisbrunnen"
2558,3186,"Rüschlikon, Bahnhof"
2559,3187,"Rüschlikon, Säumerstrasse"
2561,3445,"Zürich, Bircher-Benner"
2562,3449,"Zürich, Birchstrasse"
2563,1528,"Zürich, Lehenstrasse"
2564,3705,"Zürich, Albisriederdörfli"
2565,1354,"Zürich, Jugendherberge"
2566,3706,"Zürich, Althoos"
2567,2618,"Zürich, Susenbergstrasse"
2568,1356,"Zürich, Kalchbühlweg"
2569,1182,"Küsnacht ZH, Hesligenstrasse"
2570,1358,"Zürich, Kanonengasse"
2571,1359,"Zürich, Kantonsschule"
2572,2447,"Zürich, Hardturm"
2573,1611,"Zürich, Maienweg"
2575,2449,"Zürich, Sportweg"
2576,1614,"Zürich, Manesseplatz"
2577,1189,"Küsnacht ZH, Himmelistrasse"
2578,1615,"Zürich, Marbachweg"
2579,1441,"Zürich, Pflegezentr. Käferberg"
2580,2707,"Zürich, Tüffenwies"
2581,1445,"Zürich, Krematorium Nordheim"
2582,1446,"Zürich, Krematorium Sihlfeld"
2583,610,"Küsnacht ZH, Bühlstrasse"
2584,3450,"Zürich, Chaletweg"
2585,2363,"Zollikon, Seestrasse"
2586,3451,"Zürich, Mötteliweg"
2587,2364,"Zürich, Segantinistrasse"
2588,1277,"Zollikon, Höhestrasse"
2589,3453,"Zürich, Technopark"
2590,615,"Zürich, Bürkliplatz"
2591,2366,"Zürich, Seidelhof"
2592,443,"Rüschlikon, Belvoir"
2593,3457,"Zürich, Lerchenrain"
2594,1532,"Zürich, Leimgrübelstrasse"
2595,3458,"Zürich, Schauenberg"
2598,2450,"Zürich, Sprecherstrasse"
2599,3714,"Zürich, Binz Center"
2600,2451,"Zürich, Spyriplatz"
2601,3715,"Zürich, Bocklerstrasse"
2603,1539,"Zürich, Lerchenhalde"
2604,3717,"Zürich, Chinagarten"
2605,530,"Zürich, Brandschenkestrasse"
2606,1194,"Zürich, Hinterbergstrasse"
2607,1626,"Zürich, Meierhofplatz"
2608,2289,"Zürich, Schumacherweg"
2609,3804,"Zürich, Neunbrunnen"
2610,1280,"Zürich, Hönggerberg"
2612,1456,"Zürich, Kreuzstrasse"
2613,6648,"Zürich, Würzgraben"
2614,2800,"Zürich, Waidfussweg"
2615,1286,"Zürich, Höschgasse"
2617,2801,"Zürich, Waidhof"
2618,1288,"Zürich, Hügelstrasse"
2619,2803,"Zürich, Waidspital"
2620,3466,"Zürich, Freiestrasse"
2621,3469,"Zürich, Hofstrasse"
2622,1547,"Zürich, Lettenstrasse"
2624,711,"Zürich, Dreiwiesen"
2625,2461,"Zürich, Stadtgrenze"
2626,1549,"Zürich, Letzipark West"
2627,2638,"Zürich, Talwiesenstrasse"
2628,715,"Zollikon, Dufourplatz"
2629,1379,"Zürich, Kempfhofsteig"
2630,718,"Zürich, Toni-Areal"
2631,544,"Fällanden, Bruggacher"
2632,546,"Zürich, Brunau/Mutschellenstr."
2633,2722,"Zürich, Uetlihof"
2634,2298,"Zürich, Schwandenholz"
2635,800,"Zürich, Eschergutweg"
2636,1292,"Zürich, Hürstholz"
2637,3470,"Zürich, Hölderlinsteig"
2638,3645,"Zürich, Botanischer Garten"
2639,3648,"Zürich, Klosbach"
2640,2385,"Zürich, Siemens"
2641,1724,"Zürich, Neumarkt"
2642,462,"Küsnacht ZH, Bergstrasse"
2643,3477,"Zürich, Schweizer Rück"
2645,467,"Zürich, Bernoulli-Häuser"
2646,468,"Zürich, Bertastrasse"
2647,1641,"Zürich, Michelstrasse"
2648,3566,"Zürich, Schützenhaus Höngg"
2649,1818,"Küsnacht ZH, Oberwacht"
2650,1644,"Zürich, Militär-/Langstrasse"
2651,2907,"Zürich, Wildbachstrasse"
2654,1478,"Dübendorf, Kämmaten"
2655,470,"Zürich, Besenrainstrasse"
2656,471,"Zürich, Bethanien"
2657,2396,"Zürich, Sihlstrasse"
2658,2398,"Zürich, Sihlweidstrasse"
2659,476,"Zollikon, Beugi"
2660,902,"Zürich, Friesenberg"
2662,904,"Zürich, Friesenbergstrasse"
2663,3744,"Küsnacht ZH, Zentrum"
2665,2659,"Zürich, Thujastrasse"
2666,735,"Zürich, ETH Hönggerberg"
2667,1483,"Zürich, Käshaldenstrasse"
2669,824,"Zollikon, Felbenstrasse"
2670,1488,"Küsnacht ZH, Bahnhof"
2671,2831,"Zürich, Wartau"
2672,1744,"Zürich, Nordheimstrasse"
2673,1745,"Zürich, Nordstrasse"
2674,2834,"Zürich, Seerose"
2675,6009,"Rüschlikon, Rebsteig"
2676,2838,"Dübendorf, Wasserfurren"
2677,489,"Zürich, Grubenstrasse"
2678,916,"Zürich, Frymannstrasse"
2680,917,"Zürich, Fröhlichstrasse"
2681,6599,"Aesch bei Maur, Zollingerheim"
2682,573,"Zürich, Buhnstrasse"
2683,3587,"Zürich, Berufswahlschule"
2684,3588,"Zürich, Vulkanstrasse"
2687,2754,"Zürich, Untermoosstrasse"
2689,832,"Zürich, Feldeggstrasse"
2693,1753,"Zürich, Nürenbergstrasse"
2694,3001,"Zürich, Orionstrasse"
2695,6015,"Zürich, Winzerstrasse Süd"
2696,3003,"Zollikon, Bahnhof"
2698,2671,"Zürich, Tobelhof"
2699,3005,"Zürich, Zoo"
2700,6019,"Zürich, Waffenplatz-/Bederstr."
2701,2673,"Zürich, Toblerplatz"
2702,498,"Zürich, Birchdörfli"
2705,927,"Zürich, Förrlibuckstrasse"
2707,3768,"Zürich, Staudenbühl"
2709,3594,"Zürich, EPI-Klinik"
2710,2934,"Zürich, Winzerhalde"
2711,2935,"Zürich, Winzerstrasse"
2712,2937,"Zürich, Wipkingerplatz"
2713,840,"Zürich, Fellenbergstrasse"
2714,2596,"Zürich, Strassenverkehrsamt"
2715,1006,"Gockhausen, Dorf"
2716,6020,"Zürich, Glaubtenstrasse Süd"
2718,1007,"Zürich, Goldackerweg"
2720,2852,"Rüschlikon, Weidstrasse"
2721,3011,"Zürich, Zweiackerstrasse"
2722,1272,"Zürich, Höfliweg"
2723,1273,"Dübendorf, Högler"
2729,1590,"Zürich, Luegisland"
2730,1592,"Zürich, Luggwegstrasse"
2731,3015,"Zürich, Zwielplatz"
2732,1769,"Küsnacht ZH, Obere Heslibachst"
2733,933,"Küsnacht ZH, Gartenstrasse"
2734,2858,"Zürich, Weihersteig"
2735,4,"Zürich, Zoo/Forrenweid"
2737,2859,"Kilchberg ZH, Weinbergstrasse"
2738,3018,"Zürich, Zwinglihaus"
2740,7,"Zürich, Aargauerstrasse"
2741,9,"Rüschlikon, Alsenstrasse"
2742,769,"Zürich, Elektrowatt"
2743,6117,"Zürich, Stierenried"
2744,594,"Zürich, Bärenbohlstrasse"
2745,2776,"Zürich, Verenastrasse"
2746,1011,"Küsnacht ZH, Goldbacherstrasse"
2747,1013,"Zollikon, Goldhaldenplatz"
2748,2779,"Zürich, Vogelsangstrasse"
2749,2104,"Zürich, Rosengartenstrasse"
2750,857,"Zürich, Fischerweg"
2752,2108,"Zürich, Rotbuchstrasse"
2754,1779,"Küsnacht ZH, Oberfeld"
2755,2695,"Itschnach, Tägermoos"
2756,3029,"Zürich, Bahnhof Hardbrücke"
2757,1106,"Küsnacht ZH, Hallenbad"
2758,3786,"Zürich, Okenstrasse"
2760,1863,"Kilchberg ZH, Paradiessteig"
2761,3788,"Zürich, Maillartstrasse"
2762,1864,"Kilchberg ZH, Paradiesstrasse"
2763,3789,"Zürich, Bollingerweg"
2764,1865,"Zürich, Hürlimannplatz"
2765,2956,"Zürich, Wonnebergstrasse"
2766,2788,"Zürich, Voltastrasse"
2767,6214,"Gockhausen, Ursprungstrasse"
2768,2113,"Zürich, Rudolf-Brun-Brücke"
2769,867,"Zürich, Flurstrasse"
2770,1026,"Zürich, Grimselstrasse"
2771,868,"Zürich, Flühgasse"
2772,2872,"Zürich, Werdhölzli"
2773,6304,"Zürich, Köschenrüti"
2774,2030,"Zürich, Rathaus"
2775,3797,"Zürich, Albisrank"
2777,3123,"Zürich, Im Gut"
2778,2035,"Zürich, Rebbergsteig"
2779,788,"Zürich, Englischviertelstrasse"
2780,2038,"Itschnach, Rebweg"
2781,2795,"Zürich, Waffenplatzstrasse"
2782,118,"Kilchberg ZH, Auf Brunnen"
2783,2120,"Zürich, Räffelstrasse"
2784,2799,"Zürich, Waidbadstrasse"
2785,2122,"Küsnacht ZH, Ränkestrasse"
2787,2127,"Zürich, Röntgenstrasse"
2788,3041,"Zürich, Bahnhof Tiefenbrunnen"
2789,3043,"Zürich, Bahnhof Wipkingen"
2790,961,"Zollikon, Gemeindehaus"
2791,3045,"Zürich, Zürichbergstrasse"
2792,1120,"Zürich, Hardhof"
2795,2040,"Zollikon, Rebwiesstrasse"
2796,2043,"Küsnacht ZH, Reform. Kirche"
2797,3133,"Fällanden, Jugendherberge"
2798,3134,"Maur, Aschbach"
2799,1889,"Zürich, Platte"
2800,3138,"Zürich, Kappenbühlweg"
2801,3139,"Zürich, Brunaupark"
2802,2302,"Zürich, Schweighof"
2803,884,"Zürich, Freilagerstrasse"
2804,2306,"Zürich, Schwert"
2807,1307,"Zürich, Im Hagacker"
2808,2899,"Zürich, Wieslergasse"
2809,46,"Zürich, Albisgütli"
2810,47,"Zürich, Albisrieden"
2811,979,"Zürich, Giblenstrasse"
2812,1139,"Zürich, Heerenwiesen"
2813,3141,"Zürich, Landiwiese"
2814,2055,"Zürich, Rentenanstalt"
2815,1220,"Zürich, Hirzenbach"
2816,134,"Zürich, Auzelg Ost"
2817,3148,"Zürich, Letzipark"
2818,137,"Zürich, Bachmattstrasse"
2821,2140,"Zürich, Rütihof"
2822,2141,"Schlieren, Rütistrasse"
2823,895,"Zürich, Friedhof Hönggerberg"
2824,2142,"Zürich, SBB-Werkstätte"
2825,896,"Zürich, Friedhof Schwandenholz"
2826,897,"Zürich, Friedhof Sihlfeld"
2828,1310,"Zürich, Im Hüsli"
2829,2147,"Zürich, Sackzelg"
2831,2402,"Zürich, Singlistrasse"
2832,1315,"Zürich, Im Walder"
2833,53,"Zollikon, Allmend"
2834,1316,"Zürich, Im Wingert"
2835,54,"Küsnacht ZH, Allmend"
2836,1143,"Zürich, Hegianwandweg"
2837,3150,"Zürich, Am Börtli"
2838,3151,"Zürich, Appenzellerstrasse"
2839,3153,"Zürich, Juchhof"
2840,3155,"Zürich, Schulhaus Altweg"
2841,1231,"Zürich, Hohenklingensteig"
2843,2320,"Zürich, Schönauring"
2845,1407,"Zürich, Kirche Fluntern"
2846,2999,"Fällanden, Zil"
2847,6250,"Zürich, Himmeri"
2848,2327,"Küsnacht ZH, Schübel"
2849,1239,"Zürich, Holzerhurd"
2850,2154,"Kilchberg ZH, Sanatorium"
2851,1320,"Zürich, In der Ey"
2852,1327,"Schlieren, Industrie Gaswerk"
2853,67,"Zürich, Alte Trotte"
2854,1157,"Zürich, Helmhaus"
2855,6600,"Aesch bei Maur, Im Brünneli"
2856,410,"Rüschlikon, Schlossstrasse"
2857,1073,"Zürich, Gutstrasse"
2858,1249,"Kilchberg ZH, Hornhaldenstr."
2859,1075,"Zumikon, Gössikon"
2861,2164,"Zürich, Scheuchzerstrasse"
2862,1503,"Zürich, Langgrütstrasse"
2863,1505,"Rüschlikon, Langhaldenstrasse"
2864,2167,"Küsnacht ZH, Schiedhaldensteig"
2865,2168,"Küsnacht ZH, Schiedhaldenstr."
2866,418,"Zollikon, Bahnübergang"
2867,70,"Zürich, Altenhofstrasse"
2868,1162,"Zürich, Herdernstrasse"
2869,508,"Zürich, Bleulerstrasse"
2870,1251,"Zürich, Hottingerplatz"
2871,1252,"Zürich, Hubertus"
2872,2341,"Zollikon, Schützenstrasse"
2891,493,"Zürich, Binz"
2893,6759,"Zürich, Schiffbau"
2895,3368,"Fällanden, Wigarten"
2906,6825,"Unterengstringen, Sennenbüel"
2944,9999,"D'dorf, Bhf. Nord (Wangenstr.)"
